{"v":"5.5.2","fr":30,"ip":0,"op":61,"w":200,"h":200,"nm":":D","ddd":0,"assets":[{"id":"image_0","w":100,"h":101,"u":"images/","p":"img_0.png","e":0}],"layers":[{"ddd":0,"ind":1,"ty":3,"nm":"Null 6","sr":1,"ks":{"o":{"a":0,"k":0,"ix":11},"r":{"a":1,"k":[{"i":{"x":[0.667],"y":[1]},"o":{"x":[0.333],"y":[0]},"t":0,"s":[-1.09]},{"i":{"x":[0.667],"y":[1]},"o":{"x":[0.333],"y":[0]},"t":10,"s":[-3.863]},{"i":{"x":[0.833],"y":[1]},"o":{"x":[0.333],"y":[0]},"t":19,"s":[-3.863]},{"i":{"x":[0.667],"y":[1]},"o":{"x":[0.167],"y":[0]},"t":32,"s":[4.139]},{"i":{"x":[0.302],"y":[1]},"o":{"x":[0.425],"y":[0]},"t":41,"s":[4.139]},{"t":53,"s":[-1.09]}],"ix":10},"p":{"a":1,"k":[{"i":{"x":0.667,"y":1},"o":{"x":0.333,"y":0},"t":0,"s":[99.935,74.591,0],"to":[0,0,0],"ti":[0,0,0]},{"i":{"x":0.667,"y":1},"o":{"x":0.333,"y":0},"t":10,"s":[98.185,71.716,0],"to":[0,0,0],"ti":[0,0,0]},{"i":{"x":0.667,"y":1},"o":{"x":0.333,"y":0},"t":13,"s":[98.185,73.466,0],"to":[0,0,0],"ti":[0,0,0]},{"i":{"x":0.667,"y":1},"o":{"x":0.333,"y":0},"t":16,"s":[98.185,71.654,0],"to":[0,0,0],"ti":[0,0,0]},{"i":{"x":0.677,"y":1},"o":{"x":0.828,"y":0},"t":19,"s":[98.185,73.716,0],"to":[0,0,0],"ti":[0,0,0]},{"i":{"x":0.667,"y":1},"o":{"x":0.333,"y":0},"t":32,"s":[101.872,79.029,0],"to":[0,0,0],"ti":[0,0,0]},{"i":{"x":0.667,"y":1},"o":{"x":0.333,"y":0},"t":35,"s":[102.185,77.06,0],"to":[0,0,0],"ti":[0,0,0]},{"i":{"x":0.667,"y":1},"o":{"x":0.333,"y":0},"t":38,"s":[101.904,79.029,0],"to":[0,0,0],"ti":[0,0,0]},{"i":{"x":0.302,"y":1},"o":{"x":0.425,"y":0},"t":41,"s":[102.185,77.06,0],"to":[0,0,0],"ti":[0,0,0]},{"t":53,"s":[99.935,74.591,0]}],"ix":2},"a":{"a":0,"k":[50,50,0],"ix":1},"s":{"a":0,"k":[100,100,100],"ix":6}},"ao":0,"ip":0,"op":1800,"st":0,"bm":0},{"ddd":0,"ind":2,"ty":4,"nm":"Combined Shape","parent":1,"sr":1,"ks":{"o":{"a":0,"k":100,"ix":11},"r":{"a":0,"k":0,"ix":10},"p":{"a":0,"k":[50.33,31.592,0],"ix":2},"a":{"a":0,"k":[0,0,0],"ix":1},"s":{"a":0,"k":[100,100,100],"ix":6}},"ao":0,"shapes":[{"ty":"gr","it":[{"ind":0,"ty":"sh","ix":1,"ks":{"a":0,"k":{"i":[[0,0],[4.29,0.07],[0,-0.26],[0,0],[-0.26,0],[-0.92,-0.52]],"o":[[-0.92,-0.53],[-0.26,0],[0,0],[0,0.27],[4.29,0.07],[0,0]],"v":[[-0.467,-6.901],[-7.997,-8.521],[-8.477,-8.041],[-8.477,6.419],[-8.007,6.899],[-0.467,8.519]],"c":true},"ix":2},"nm":"Path 1","mn":"ADBE Vector Shape - Group","hd":false},{"ind":1,"ty":"sh","ix":2,"ks":{"a":0,"k":{"i":[[0.26,0],[0.92,-0.53],[0,0],[-4.29,0.07],[0,0.27],[0,0]],"o":[[-4.29,0.07],[0,0],[0.92,-0.52],[0.26,0],[0,0],[0,-0.26]],"v":[[8.001,-8.521],[0.471,-6.901],[0.471,8.519],[8.011,6.899],[8.481,6.419],[8.481,-8.041]],"c":true},"ix":2},"nm":"Path 2","mn":"ADBE Vector Shape - Group","hd":false},{"ty":"mm","mm":2,"nm":"Merge Paths 1","mn":"ADBE Vector Filter - Merge","hd":false},{"ty":"fl","c":{"a":0,"k":[0.384314000607,0.188234999776,0.933332979679,1],"ix":4},"o":{"a":0,"k":100,"ix":5},"r":1,"bm":0,"nm":"Fill 1","mn":"ADBE Vector Graphic - Fill","hd":false},{"ty":"tr","p":{"a":0,"k":[0,0],"ix":2},"a":{"a":0,"k":[0,0],"ix":1},"s":{"a":0,"k":[100,100],"ix":3},"r":{"a":0,"k":0,"ix":6},"o":{"a":0,"k":100,"ix":7},"sk":{"a":0,"k":0,"ix":4},"sa":{"a":0,"k":0,"ix":5},"nm":"Transform"}],"nm":"Combined Shape","np":4,"cix":2,"bm":0,"ix":1,"mn":"ADBE Vector Group","hd":false}],"ip":0,"op":1800,"st":0,"bm":0},{"ddd":0,"ind":3,"ty":4,"nm":"Combined Shape","parent":1,"sr":1,"ks":{"o":{"a":0,"k":100,"ix":11},"r":{"a":0,"k":0,"ix":10},"p":{"a":0,"k":[50.33,31.06,0],"ix":2},"a":{"a":0,"k":[0,0,0],"ix":1},"s":{"a":0,"k":[100,100,100],"ix":6}},"ao":0,"shapes":[{"ty":"gr","it":[{"ind":0,"ty":"sh","ix":1,"ks":{"a":0,"k":{"i":[[0.51,0],[0,0],[0,0],[0,0],[0,-0.47],[0,0],[-5.51,0],[0,0.48],[0,0]],"o":[[0,0],[0,0],[0,0],[-0.51,0],[0,0],[0,0.48],[5.5,0],[0,0],[0,-0.47]],"v":[[9.674,-6.827],[9.214,-6.827],[-9.216,-6.827],[-9.676,-6.827],[-10.596,-5.977],[-10.596,8.223],[0.004,10.653],[10.594,8.223],[10.594,-5.977]],"c":true},"ix":2},"nm":"Path 1","mn":"ADBE Vector Shape - Group","hd":false},{"ind":1,"ty":"sh","ix":2,"ks":{"a":0,"k":{"i":[[-0.51,0],[0,0],[0,0],[0,0],[0,0.46],[0,0],[5.51,0],[0,-0.46],[0,0]],"o":[[0,0],[0,0],[0,0],[0.51,0],[0,0],[0,-0.46],[-5.5,0],[0,0],[0,0.46]],"v":[[-9.676,6.279],[-9.216,6.279],[9.214,6.279],[9.674,6.279],[10.594,5.449],[10.594,-8.301],[-0.006,-10.651],[-10.596,-8.301],[-10.596,5.449]],"c":true},"ix":2},"nm":"Path 2","mn":"ADBE Vector Shape - Group","hd":false},{"ty":"fl","c":{"a":0,"k":[0.235293999314,0.811765015125,1,1],"ix":4},"o":{"a":0,"k":100,"ix":5},"r":1,"bm":0,"nm":"Fill 1","mn":"ADBE Vector Graphic - Fill","hd":false},{"ty":"tr","p":{"a":0,"k":[0,0],"ix":2},"a":{"a":0,"k":[0,0],"ix":1},"s":{"a":0,"k":[100,100],"ix":3},"r":{"a":0,"k":0,"ix":6},"o":{"a":0,"k":100,"ix":7},"sk":{"a":0,"k":0,"ix":4},"sa":{"a":0,"k":0,"ix":5},"nm":"Transform"}],"nm":"Combined Shape","np":3,"cix":2,"bm":0,"ix":1,"mn":"ADBE Vector Group","hd":false}],"ip":0,"op":1800,"st":0,"bm":0},{"ddd":0,"ind":4,"ty":4,"nm":"Stroke 13","parent":15,"td":1,"sr":1,"ks":{"o":{"a":0,"k":100,"ix":11},"r":{"a":0,"k":0,"ix":10},"p":{"a":0,"k":[0,0,0],"ix":2},"a":{"a":0,"k":[0,0,0],"ix":1},"s":{"a":0,"k":[100,100,100],"ix":6}},"ao":0,"shapes":[{"ty":"gr","it":[{"ind":0,"ty":"sh","ix":1,"ks":{"a":0,"k":{"i":[[0,18.7],[-18.73,0],[0,-18.7],[18.72,0]],"o":[[0,-18.7],[18.72,0],[0,18.7],[-18.73,0]],"v":[[-33.907,-0.002],[0.003,-33.862],[33.903,-0.002],[0.003,33.858]],"c":true},"ix":2},"nm":"Path 1","mn":"ADBE Vector Shape - Group","hd":false},{"ty":"st","c":{"a":0,"k":[0.384314000607,0.188234999776,0.933332979679,1],"ix":3},"o":{"a":0,"k":100,"ix":4},"w":{"a":0,"k":2.543,"ix":5},"lc":2,"lj":2,"bm":0,"nm":"Stroke 1","mn":"ADBE Vector Graphic - Stroke","hd":false},{"ty":"fl","c":{"a":0,"k":[0.384314000607,0.188234999776,0.933332979679,1],"ix":4},"o":{"a":0,"k":100,"ix":5},"r":1,"bm":0,"nm":"Fill 1","mn":"ADBE Vector Graphic - Fill","hd":false},{"ty":"tr","p":{"a":0,"k":[0,0],"ix":2},"a":{"a":0,"k":[0,0],"ix":1},"s":{"a":0,"k":[100,100],"ix":3},"r":{"a":0,"k":0,"ix":6},"o":{"a":0,"k":100,"ix":7},"sk":{"a":0,"k":0,"ix":4},"sa":{"a":0,"k":0,"ix":5},"nm":"Transform"}],"nm":"Stroke 3","np":3,"cix":2,"bm":0,"ix":1,"mn":"ADBE Vector Group","hd":false}],"ip":0,"op":1800,"st":0,"bm":0},{"ddd":0,"ind":5,"ty":4,"nm":"Fill 27 Copy","parent":1,"tt":1,"sr":1,"ks":{"o":{"a":0,"k":100,"ix":11},"r":{"a":0,"k":0,"ix":10},"p":{"a":0,"k":[18.542,61.764,0],"ix":2},"a":{"a":0,"k":[0,0,0],"ix":1},"s":{"a":0,"k":[100,100,100],"ix":6}},"ao":0,"shapes":[{"ty":"gr","it":[{"ind":0,"ty":"sh","ix":1,"ks":{"a":0,"k":{"i":[[0,0],[1.41,0],[0,-5.66],[-1.4,0],[0,5.65]],"o":[[0,-5.66],[-1.4,0],[0,5.65],[1.41,0],[0,0]],"v":[[2.547,0.003],[-0.003,-10.237],[-2.543,0.003],[-0.003,10.233],[2.547,0.003]],"c":false},"ix":2},"nm":"Path 1","mn":"ADBE Vector Shape - Group","hd":false},{"ty":"fl","c":{"a":0,"k":[0.235293999314,0.811765015125,1,1],"ix":4},"o":{"a":0,"k":100,"ix":5},"r":1,"bm":0,"nm":"Fill 1","mn":"ADBE Vector Graphic - Fill","hd":false},{"ty":"tr","p":{"a":0,"k":[0,0],"ix":2},"a":{"a":0,"k":[0,0],"ix":1},"s":{"a":0,"k":[100,100],"ix":3},"r":{"a":0,"k":0,"ix":6},"o":{"a":0,"k":100,"ix":7},"sk":{"a":0,"k":0,"ix":4},"sa":{"a":0,"k":0,"ix":5},"nm":"Transform"}],"nm":"Fill 27 Copy","np":2,"cix":2,"bm":0,"ix":1,"mn":"ADBE Vector Group","hd":false}],"ip":0,"op":1800,"st":0,"bm":0},{"ddd":0,"ind":6,"ty":4,"nm":"Stroke 12","parent":15,"td":1,"sr":1,"ks":{"o":{"a":0,"k":100,"ix":11},"r":{"a":0,"k":0,"ix":10},"p":{"a":0,"k":[0,0,0],"ix":2},"a":{"a":0,"k":[0,0,0],"ix":1},"s":{"a":0,"k":[100,100,100],"ix":6}},"ao":0,"shapes":[{"ty":"gr","it":[{"ind":0,"ty":"sh","ix":1,"ks":{"a":0,"k":{"i":[[0,18.7],[-18.73,0],[0,-18.7],[18.72,0]],"o":[[0,-18.7],[18.72,0],[0,18.7],[-18.73,0]],"v":[[-33.907,-0.002],[0.003,-33.862],[33.903,-0.002],[0.003,33.858]],"c":true},"ix":2},"nm":"Path 1","mn":"ADBE Vector Shape - Group","hd":false},{"ty":"st","c":{"a":0,"k":[0.384314000607,0.188234999776,0.933332979679,1],"ix":3},"o":{"a":0,"k":100,"ix":4},"w":{"a":0,"k":2.543,"ix":5},"lc":2,"lj":2,"bm":0,"nm":"Stroke 1","mn":"ADBE Vector Graphic - Stroke","hd":false},{"ty":"fl","c":{"a":0,"k":[0.384314000607,0.188234999776,0.933332979679,1],"ix":4},"o":{"a":0,"k":100,"ix":5},"r":1,"bm":0,"nm":"Fill 1","mn":"ADBE Vector Graphic - Fill","hd":false},{"ty":"tr","p":{"a":0,"k":[0,0],"ix":2},"a":{"a":0,"k":[0,0],"ix":1},"s":{"a":0,"k":[100,100],"ix":3},"r":{"a":0,"k":0,"ix":6},"o":{"a":0,"k":100,"ix":7},"sk":{"a":0,"k":0,"ix":4},"sa":{"a":0,"k":0,"ix":5},"nm":"Transform"}],"nm":"Stroke 3","np":3,"cix":2,"bm":0,"ix":1,"mn":"ADBE Vector Group","hd":false}],"ip":0,"op":1800,"st":0,"bm":0},{"ddd":0,"ind":7,"ty":4,"nm":"Fill 27","parent":1,"tt":1,"sr":1,"ks":{"o":{"a":0,"k":100,"ix":11},"r":{"a":0,"k":0,"ix":10},"p":{"a":0,"k":[81.27,61.764,0],"ix":2},"a":{"a":0,"k":[0,0,0],"ix":1},"s":{"a":0,"k":[100,100,100],"ix":6}},"ao":0,"shapes":[{"ty":"gr","it":[{"ind":0,"ty":"sh","ix":1,"ks":{"a":0,"k":{"i":[[0,0],[1.41,0],[0,-5.66],[-1.4,0],[0,5.65]],"o":[[0,-5.66],[-1.4,0],[0,5.65],[1.41,0],[0,0]],"v":[[2.547,0.003],[-0.003,-10.237],[-2.543,0.003],[-0.003,10.233],[2.547,0.003]],"c":false},"ix":2},"nm":"Path 1","mn":"ADBE Vector Shape - Group","hd":false},{"ty":"fl","c":{"a":0,"k":[0.235293999314,0.811765015125,1,1],"ix":4},"o":{"a":0,"k":100,"ix":5},"r":1,"bm":0,"nm":"Fill 1","mn":"ADBE Vector Graphic - Fill","hd":false},{"ty":"tr","p":{"a":0,"k":[0,0],"ix":2},"a":{"a":0,"k":[0,0],"ix":1},"s":{"a":0,"k":[100,100],"ix":3},"r":{"a":0,"k":0,"ix":6},"o":{"a":0,"k":100,"ix":7},"sk":{"a":0,"k":0,"ix":4},"sa":{"a":0,"k":0,"ix":5},"nm":"Transform"}],"nm":"Fill 27","np":2,"cix":2,"bm":0,"ix":1,"mn":"ADBE Vector Group","hd":false}],"ip":0,"op":1800,"st":0,"bm":0},{"ddd":0,"ind":8,"ty":4,"nm":"Stroke 11","parent":1,"sr":1,"ks":{"o":{"a":0,"k":100,"ix":11},"r":{"a":0,"k":0,"ix":10},"p":{"a":0,"k":[49.906,75.291,0],"ix":2},"a":{"a":0,"k":[0,0,0],"ix":1},"s":{"a":0,"k":[100,100,100],"ix":6}},"ao":0,"shapes":[{"ty":"gr","it":[{"ind":0,"ty":"sh","ix":1,"ks":{"a":1,"k":[{"i":{"x":0.667,"y":1},"o":{"x":0.333,"y":0},"t":0,"s":[{"i":[[0,0],[-11.64,0],[0,0]],"o":[[0,0],[12.38,0],[0,0]],"v":[[-14.195,-5],[-0.005,5],[14.195,-5]],"c":true}]},{"i":{"x":0.667,"y":1},"o":{"x":0.333,"y":0},"t":10,"s":[{"i":[[0,0],[-11.64,0],[0,0]],"o":[[0,0],[12.38,0],[0,0]],"v":[[-14.195,-5],[-0.005,2.253],[14.195,-5]],"c":true}]},{"i":{"x":0.667,"y":1},"o":{"x":0.333,"y":0},"t":13,"s":[{"i":[[0,0],[-11.64,0],[0,0]],"o":[[0,0],[12.38,0],[0,0]],"v":[[-14.195,-5],[-0.005,4.689],[14.195,-5]],"c":true}]},{"i":{"x":0.667,"y":1},"o":{"x":0.333,"y":0},"t":16,"s":[{"i":[[0,0],[-11.64,0],[0,0]],"o":[[0,0],[12.38,0],[0,0]],"v":[[-14.195,-5],[-0.005,3.13],[14.195,-5]],"c":true}]},{"i":{"x":0.667,"y":1},"o":{"x":0.333,"y":0},"t":19,"s":[{"i":[[0,0],[-11.64,0],[0,0]],"o":[[0,0],[12.38,0],[0,0]],"v":[[-14.195,-5],[-0.005,5.42],[14.195,-5]],"c":true}]},{"i":{"x":0.667,"y":1},"o":{"x":0.333,"y":0},"t":32,"s":[{"i":[[0,0],[-11.64,0],[0,0]],"o":[[0,0],[12.38,0],[0,0]],"v":[[-14.195,-5],[-0.005,6.737],[14.195,-5]],"c":true}]},{"i":{"x":0.667,"y":1},"o":{"x":0.333,"y":0},"t":35,"s":[{"i":[[0,0],[-11.64,0],[0,0]],"o":[[0,0],[12.38,0],[0,0]],"v":[[-14.195,-5],[-0.005,2.671],[14.195,-5]],"c":true}]},{"i":{"x":0.667,"y":1},"o":{"x":0.333,"y":0},"t":38,"s":[{"i":[[0,0],[-11.64,0],[0,0]],"o":[[0,0],[12.38,0],[0,0]],"v":[[-14.195,-5],[-0.005,5.194],[14.195,-5]],"c":true}]},{"i":{"x":0.667,"y":1},"o":{"x":0.333,"y":0},"t":41,"s":[{"i":[[0,0],[-11.64,0],[0,0]],"o":[[0,0],[12.38,0],[0,0]],"v":[[-14.195,-5],[-0.005,2.644],[14.195,-5]],"c":true}]},{"t":53,"s":[{"i":[[0,0],[-11.64,0],[0,0]],"o":[[0,0],[12.38,0],[0,0]],"v":[[-14.195,-5],[-0.005,5],[14.195,-5]],"c":true}]}],"ix":2},"nm":"Path 1","mn":"ADBE Vector Shape - Group","hd":false},{"ty":"st","c":{"a":0,"k":[0.235293999314,0.811765015125,1,1],"ix":3},"o":{"a":0,"k":100,"ix":4},"w":{"a":0,"k":2.543,"ix":5},"lc":2,"lj":2,"bm":0,"nm":"Stroke 1","mn":"ADBE Vector Graphic - Stroke","hd":false},{"ty":"fl","c":{"a":0,"k":[0.235293999314,0.811765015125,1,1],"ix":4},"o":{"a":0,"k":100,"ix":5},"r":1,"bm":0,"nm":"Fill 1","mn":"ADBE Vector Graphic - Fill","hd":false},{"ty":"tr","p":{"a":0,"k":[0,0],"ix":2},"a":{"a":0,"k":[0,0],"ix":1},"s":{"a":0,"k":[100,100],"ix":3},"r":{"a":0,"k":0,"ix":6},"o":{"a":0,"k":100,"ix":7},"sk":{"a":0,"k":0,"ix":4},"sa":{"a":0,"k":0,"ix":5},"nm":"Transform"}],"nm":"Stroke 11","np":3,"cix":2,"bm":0,"ix":1,"mn":"ADBE Vector Group","hd":false}],"ip":0,"op":1800,"st":0,"bm":0},{"ddd":0,"ind":9,"ty":4,"nm":"Shape Layer 5","parent":10,"td":1,"sr":1,"ks":{"o":{"a":0,"k":100,"ix":11},"r":{"a":0,"k":0,"ix":10},"p":{"a":0,"k":[-0.443,0.004,0],"ix":2},"a":{"a":0,"k":[-312.762,-8.605,0],"ix":1},"s":{"a":0,"k":[100,100,100],"ix":6}},"ao":0,"shapes":[{"ty":"gr","it":[{"ty":"rc","d":1,"s":{"a":0,"k":[17.227,8.297],"ix":2},"p":{"a":1,"k":[{"i":{"x":0.667,"y":1},"o":{"x":0.333,"y":0},"t":1,"s":[0,0],"to":[0,1.333],"ti":[0,-1.333]},{"i":{"x":0.667,"y":0.667},"o":{"x":0.333,"y":0.333},"t":3,"s":[0,8],"to":[0,0],"ti":[0,0]},{"i":{"x":0.667,"y":1},"o":{"x":0.333,"y":0},"t":5,"s":[0,8],"to":[0,-1.333],"ti":[0,1.333]},{"i":{"x":0.667,"y":1},"o":{"x":0.275,"y":0},"t":7,"s":[0,0],"to":[0,0],"ti":[0,1.333]},{"i":{"x":0.639,"y":1},"o":{"x":0.245,"y":0},"t":9,"s":[0,0],"to":[0,0],"ti":[0,0]},{"i":{"x":0.588,"y":0.588},"o":{"x":0.262,"y":0.262},"t":11,"s":[0,5],"to":[0,0],"ti":[0,0]},{"i":{"x":0.83,"y":1},"o":{"x":0.285,"y":0},"t":19,"s":[0,5],"to":[0,0],"ti":[0,0]},{"i":{"x":0.831,"y":1},"o":{"x":0.333,"y":0},"t":21,"s":[0,0],"to":[0,1.333],"ti":[0,0]},{"i":{"x":0.667,"y":1},"o":{"x":0.333,"y":0},"t":23,"s":[0,0],"to":[0,1.333],"ti":[0,-1.333]},{"i":{"x":0.667,"y":0.667},"o":{"x":0.333,"y":0.333},"t":25,"s":[0,8],"to":[0,0],"ti":[0,0]},{"i":{"x":0.667,"y":1},"o":{"x":0.333,"y":0},"t":27,"s":[0,8],"to":[0,-1.333],"ti":[0,1.333]},{"i":{"x":0.667,"y":1},"o":{"x":0.186,"y":0},"t":29,"s":[0,0],"to":[0,0],"ti":[0,1.333]},{"i":{"x":0.662,"y":1},"o":{"x":0.167,"y":0},"t":32,"s":[0,0],"to":[0,0],"ti":[0,0]},{"i":{"x":0.588,"y":0.588},"o":{"x":0.294,"y":0.294},"t":34,"s":[0,5],"to":[0,0],"ti":[0,0]},{"i":{"x":0.831,"y":1},"o":{"x":0.263,"y":0},"t":43,"s":[0,5],"to":[0,0],"ti":[0,0]},{"i":{"x":0.818,"y":1},"o":{"x":0.333,"y":0},"t":45,"s":[0,0],"to":[0,1.333],"ti":[0,0]},{"i":{"x":0.667,"y":1},"o":{"x":0.333,"y":0},"t":47,"s":[0,0],"to":[0,1.333],"ti":[0,-1.333]},{"i":{"x":0.667,"y":0.667},"o":{"x":0.333,"y":0.333},"t":49,"s":[0,8],"to":[0,0],"ti":[0,0]},{"i":{"x":0.667,"y":1},"o":{"x":0.333,"y":0},"t":51,"s":[0,8],"to":[0,-1.333],"ti":[0,1.333]},{"t":53,"s":[0,0]}],"ix":3},"r":{"a":0,"k":0,"ix":4},"nm":"Rectangle Path 1","mn":"ADBE Vector Shape - Rect","hd":false},{"ty":"st","c":{"a":0,"k":[0,0,0,1],"ix":3},"o":{"a":0,"k":100,"ix":4},"w":{"a":0,"k":0,"ix":5},"lc":1,"lj":1,"ml":4,"bm":0,"nm":"Stroke 1","mn":"ADBE Vector Graphic - Stroke","hd":false},{"ty":"fl","c":{"a":0,"k":[0,0.125489994124,0.274509983437,1],"ix":4},"o":{"a":0,"k":100,"ix":5},"r":1,"bm":0,"nm":"Fill 1","mn":"ADBE Vector Graphic - Fill","hd":false},{"ty":"tr","p":{"a":0,"k":[-312.762,-20.116],"ix":2},"a":{"a":0,"k":[0,0],"ix":1},"s":{"a":0,"k":[100,100],"ix":3},"r":{"a":0,"k":0,"ix":6},"o":{"a":0,"k":100,"ix":7},"sk":{"a":0,"k":0,"ix":4},"sa":{"a":0,"k":0,"ix":5},"nm":"Transform"}],"nm":"Rectangle 1","np":3,"cix":2,"bm":0,"ix":1,"mn":"ADBE Vector Group","hd":false},{"ty":"gr","it":[{"ty":"rc","d":1,"s":{"a":0,"k":[17.227,8.297],"ix":2},"p":{"a":1,"k":[{"i":{"x":0.667,"y":1},"o":{"x":0.333,"y":0},"t":1,"s":[0,0],"to":[0,-1.333],"ti":[0,1.333]},{"i":{"x":0.667,"y":0.667},"o":{"x":0.333,"y":0.333},"t":3,"s":[0,-8],"to":[0,0],"ti":[0,0]},{"i":{"x":0.667,"y":1},"o":{"x":0.333,"y":0},"t":5,"s":[0,-8],"to":[0,1.333],"ti":[0,-1.333]},{"i":{"x":0.667,"y":1},"o":{"x":0.275,"y":0},"t":7,"s":[0,0],"to":[0,0],"ti":[0,-1.333]},{"i":{"x":0.639,"y":1},"o":{"x":0.245,"y":0},"t":9,"s":[0,0],"to":[0,0],"ti":[0,0]},{"i":{"x":0.588,"y":0.588},"o":{"x":0.262,"y":0.262},"t":11,"s":[0,-5],"to":[0,0],"ti":[0,0]},{"i":{"x":0.83,"y":1},"o":{"x":0.285,"y":0},"t":19,"s":[0,-5],"to":[0,0],"ti":[0,0]},{"i":{"x":0.831,"y":1},"o":{"x":0.333,"y":0},"t":21,"s":[0,0],"to":[0,-1.333],"ti":[0,0]},{"i":{"x":0.667,"y":1},"o":{"x":0.333,"y":0},"t":23,"s":[0,0],"to":[0,-1.333],"ti":[0,1.333]},{"i":{"x":0.667,"y":0.667},"o":{"x":0.333,"y":0.333},"t":25,"s":[0,-8],"to":[0,0],"ti":[0,0]},{"i":{"x":0.667,"y":1},"o":{"x":0.333,"y":0},"t":27,"s":[0,-8],"to":[0,1.333],"ti":[0,-1.333]},{"i":{"x":0.667,"y":1},"o":{"x":0.186,"y":0},"t":29,"s":[0,0],"to":[0,0],"ti":[0,-1.333]},{"i":{"x":0.662,"y":1},"o":{"x":0.167,"y":0},"t":32,"s":[0,0],"to":[0,0],"ti":[0,0]},{"i":{"x":0.588,"y":0.588},"o":{"x":0.294,"y":0.294},"t":34,"s":[0,-5],"to":[0,0],"ti":[0,0]},{"i":{"x":0.831,"y":1},"o":{"x":0.263,"y":0},"t":43,"s":[0,-5],"to":[0,0],"ti":[0,0]},{"i":{"x":0.818,"y":1},"o":{"x":0.333,"y":0},"t":45,"s":[0,0],"to":[0,-1.333],"ti":[0,0]},{"i":{"x":0.667,"y":1},"o":{"x":0.333,"y":0},"t":47,"s":[0,0],"to":[0,-1.333],"ti":[0,1.333]},{"i":{"x":0.667,"y":0.667},"o":{"x":0.333,"y":0.333},"t":49,"s":[0,-8],"to":[0,0],"ti":[0,0]},{"i":{"x":0.667,"y":1},"o":{"x":0.333,"y":0},"t":51,"s":[0,-8],"to":[0,1.333],"ti":[0,-1.333]},{"t":53,"s":[0,0]}],"ix":3},"r":{"a":0,"k":0,"ix":4},"nm":"Rectangle Path 1","mn":"ADBE Vector Shape - Rect","hd":false},{"ty":"st","c":{"a":0,"k":[0,0,0,1],"ix":3},"o":{"a":0,"k":100,"ix":4},"w":{"a":0,"k":0,"ix":5},"lc":1,"lj":1,"ml":4,"bm":0,"nm":"Stroke 1","mn":"ADBE Vector Graphic - Stroke","hd":false},{"ty":"fl","c":{"a":0,"k":[0,0.125489994124,0.274509983437,1],"ix":4},"o":{"a":0,"k":100,"ix":5},"r":1,"bm":0,"nm":"Fill 1","mn":"ADBE Vector Graphic - Fill","hd":false},{"ty":"tr","p":{"a":0,"k":[-312.762,2.906],"ix":2},"a":{"a":0,"k":[0,0],"ix":1},"s":{"a":0,"k":[100,100],"ix":3},"r":{"a":0,"k":0,"ix":6},"o":{"a":0,"k":100,"ix":7},"sk":{"a":0,"k":0,"ix":4},"sa":{"a":0,"k":0,"ix":5},"nm":"Transform"}],"nm":"Rectangle 2","np":3,"cix":2,"bm":0,"ix":2,"mn":"ADBE Vector Group","hd":false}],"ip":0,"op":1800,"st":0,"bm":0},{"ddd":0,"ind":10,"ty":4,"nm":"Fill 9 Copy","parent":1,"tt":2,"sr":1,"ks":{"o":{"a":0,"k":100,"ix":11},"r":{"a":0,"k":0,"ix":10},"p":{"a":0,"k":[62.621,55.362,0],"ix":2},"a":{"a":0,"k":[0,0,0],"ix":1},"s":{"a":0,"k":[100,100,100],"ix":6}},"ao":0,"shapes":[{"ty":"gr","it":[{"ind":0,"ty":"sh","ix":1,"ks":{"a":0,"k":{"i":[[0,0],[-2.34,0],[0,-2.83],[2.34,0],[0,2.83]],"o":[[0,-2.83],[2.34,0],[0,2.83],[-2.34,0],[0,0]],"v":[[-4.238,0.001],[0.002,-5.119],[4.242,0.001],[0.002,5.121],[-4.238,0.001]],"c":false},"ix":2},"nm":"Path 1","mn":"ADBE Vector Shape - Group","hd":false},{"ty":"fl","c":{"a":0,"k":[0.235293999314,0.811765015125,1,1],"ix":4},"o":{"a":0,"k":100,"ix":5},"r":1,"bm":0,"nm":"Fill 1","mn":"ADBE Vector Graphic - Fill","hd":false},{"ty":"tr","p":{"a":0,"k":[0,0],"ix":2},"a":{"a":0,"k":[0,0],"ix":1},"s":{"a":0,"k":[100,100],"ix":3},"r":{"a":0,"k":0,"ix":6},"o":{"a":0,"k":100,"ix":7},"sk":{"a":0,"k":0,"ix":4},"sa":{"a":0,"k":0,"ix":5},"nm":"Transform"}],"nm":"Fill 9 Copy","np":2,"cix":2,"bm":0,"ix":1,"mn":"ADBE Vector Group","hd":false}],"ip":0,"op":1800,"st":0,"bm":0},{"ddd":0,"ind":11,"ty":4,"nm":"Shape Layer 4","parent":12,"td":1,"sr":1,"ks":{"o":{"a":0,"k":100,"ix":11},"r":{"a":0,"k":0,"ix":10},"p":{"a":0,"k":[0.238,0.004,0],"ix":2},"a":{"a":0,"k":[-312.762,-8.605,0],"ix":1},"s":{"a":0,"k":[100,100,100],"ix":6}},"ao":0,"shapes":[{"ty":"gr","it":[{"ty":"rc","d":1,"s":{"a":0,"k":[17.227,8.297],"ix":2},"p":{"a":1,"k":[{"i":{"x":0.667,"y":1},"o":{"x":0.333,"y":0},"t":1,"s":[0,0],"to":[0,1.333],"ti":[0,-1.333]},{"i":{"x":0.667,"y":0.667},"o":{"x":0.333,"y":0.333},"t":3,"s":[0,8],"to":[0,0],"ti":[0,0]},{"i":{"x":0.667,"y":1},"o":{"x":0.333,"y":0},"t":5,"s":[0,8],"to":[0,-1.333],"ti":[0,1.333]},{"i":{"x":0.667,"y":1},"o":{"x":0.275,"y":0},"t":7,"s":[0,0],"to":[0,0],"ti":[0,1.333]},{"i":{"x":0.639,"y":1},"o":{"x":0.245,"y":0},"t":9,"s":[0,0],"to":[0,0],"ti":[0,0]},{"i":{"x":0.588,"y":0.588},"o":{"x":0.262,"y":0.262},"t":11,"s":[0,5],"to":[0,0],"ti":[0,0]},{"i":{"x":0.83,"y":1},"o":{"x":0.285,"y":0},"t":19,"s":[0,5],"to":[0,0],"ti":[0,0]},{"i":{"x":0.831,"y":1},"o":{"x":0.333,"y":0},"t":21,"s":[0,0],"to":[0,1.333],"ti":[0,0]},{"i":{"x":0.667,"y":1},"o":{"x":0.333,"y":0},"t":23,"s":[0,0],"to":[0,1.333],"ti":[0,-1.333]},{"i":{"x":0.667,"y":0.667},"o":{"x":0.333,"y":0.333},"t":25,"s":[0,8],"to":[0,0],"ti":[0,0]},{"i":{"x":0.667,"y":1},"o":{"x":0.333,"y":0},"t":27,"s":[0,8],"to":[0,-1.333],"ti":[0,1.333]},{"i":{"x":0.667,"y":1},"o":{"x":0.186,"y":0},"t":29,"s":[0,0],"to":[0,0],"ti":[0,1.333]},{"i":{"x":0.662,"y":1},"o":{"x":0.167,"y":0},"t":32,"s":[0,0],"to":[0,0],"ti":[0,0]},{"i":{"x":0.588,"y":0.588},"o":{"x":0.294,"y":0.294},"t":34,"s":[0,5],"to":[0,0],"ti":[0,0]},{"i":{"x":0.831,"y":1},"o":{"x":0.263,"y":0},"t":43,"s":[0,5],"to":[0,0],"ti":[0,0]},{"i":{"x":0.818,"y":1},"o":{"x":0.333,"y":0},"t":45,"s":[0,0],"to":[0,1.333],"ti":[0,0]},{"i":{"x":0.667,"y":1},"o":{"x":0.333,"y":0},"t":47,"s":[0,0],"to":[0,1.333],"ti":[0,-1.333]},{"i":{"x":0.667,"y":0.667},"o":{"x":0.333,"y":0.333},"t":49,"s":[0,8],"to":[0,0],"ti":[0,0]},{"i":{"x":0.667,"y":1},"o":{"x":0.333,"y":0},"t":51,"s":[0,8],"to":[0,-1.333],"ti":[0,1.333]},{"t":53,"s":[0,0]}],"ix":3},"r":{"a":0,"k":0,"ix":4},"nm":"Rectangle Path 1","mn":"ADBE Vector Shape - Rect","hd":false},{"ty":"st","c":{"a":0,"k":[0,0,0,1],"ix":3},"o":{"a":0,"k":100,"ix":4},"w":{"a":0,"k":0,"ix":5},"lc":1,"lj":1,"ml":4,"bm":0,"nm":"Stroke 1","mn":"ADBE Vector Graphic - Stroke","hd":false},{"ty":"fl","c":{"a":0,"k":[0,0.125489994124,0.274509983437,1],"ix":4},"o":{"a":0,"k":100,"ix":5},"r":1,"bm":0,"nm":"Fill 1","mn":"ADBE Vector Graphic - Fill","hd":false},{"ty":"tr","p":{"a":0,"k":[-312.762,-20.116],"ix":2},"a":{"a":0,"k":[0,0],"ix":1},"s":{"a":0,"k":[100,100],"ix":3},"r":{"a":0,"k":0,"ix":6},"o":{"a":0,"k":100,"ix":7},"sk":{"a":0,"k":0,"ix":4},"sa":{"a":0,"k":0,"ix":5},"nm":"Transform"}],"nm":"Rectangle 1","np":3,"cix":2,"bm":0,"ix":1,"mn":"ADBE Vector Group","hd":false},{"ty":"gr","it":[{"ty":"rc","d":1,"s":{"a":0,"k":[17.227,8.297],"ix":2},"p":{"a":1,"k":[{"i":{"x":0.667,"y":1},"o":{"x":0.333,"y":0},"t":1,"s":[0,0],"to":[0,-1.333],"ti":[0,1.333]},{"i":{"x":0.667,"y":0.667},"o":{"x":0.333,"y":0.333},"t":3,"s":[0,-8],"to":[0,0],"ti":[0,0]},{"i":{"x":0.667,"y":1},"o":{"x":0.333,"y":0},"t":5,"s":[0,-8],"to":[0,1.333],"ti":[0,-1.333]},{"i":{"x":0.667,"y":1},"o":{"x":0.275,"y":0},"t":7,"s":[0,0],"to":[0,0],"ti":[0,-1.333]},{"i":{"x":0.639,"y":1},"o":{"x":0.245,"y":0},"t":9,"s":[0,0],"to":[0,0],"ti":[0,0]},{"i":{"x":0.588,"y":0.588},"o":{"x":0.262,"y":0.262},"t":11,"s":[0,-5],"to":[0,0],"ti":[0,0]},{"i":{"x":0.83,"y":1},"o":{"x":0.285,"y":0},"t":19,"s":[0,-5],"to":[0,0],"ti":[0,0]},{"i":{"x":0.831,"y":1},"o":{"x":0.333,"y":0},"t":21,"s":[0,0],"to":[0,-1.333],"ti":[0,0]},{"i":{"x":0.667,"y":1},"o":{"x":0.333,"y":0},"t":23,"s":[0,0],"to":[0,-1.333],"ti":[0,1.333]},{"i":{"x":0.667,"y":0.667},"o":{"x":0.333,"y":0.333},"t":25,"s":[0,-8],"to":[0,0],"ti":[0,0]},{"i":{"x":0.667,"y":1},"o":{"x":0.333,"y":0},"t":27,"s":[0,-8],"to":[0,1.333],"ti":[0,-1.333]},{"i":{"x":0.667,"y":1},"o":{"x":0.186,"y":0},"t":29,"s":[0,0],"to":[0,0],"ti":[0,-1.333]},{"i":{"x":0.662,"y":1},"o":{"x":0.167,"y":0},"t":32,"s":[0,0],"to":[0,0],"ti":[0,0]},{"i":{"x":0.588,"y":0.588},"o":{"x":0.294,"y":0.294},"t":34,"s":[0,-5],"to":[0,0],"ti":[0,0]},{"i":{"x":0.831,"y":1},"o":{"x":0.263,"y":0},"t":43,"s":[0,-5],"to":[0,0],"ti":[0,0]},{"i":{"x":0.818,"y":1},"o":{"x":0.333,"y":0},"t":45,"s":[0,0],"to":[0,-1.333],"ti":[0,0]},{"i":{"x":0.667,"y":1},"o":{"x":0.333,"y":0},"t":47,"s":[0,0],"to":[0,-1.333],"ti":[0,1.333]},{"i":{"x":0.667,"y":0.667},"o":{"x":0.333,"y":0.333},"t":49,"s":[0,-8],"to":[0,0],"ti":[0,0]},{"i":{"x":0.667,"y":1},"o":{"x":0.333,"y":0},"t":51,"s":[0,-8],"to":[0,1.333],"ti":[0,-1.333]},{"t":53,"s":[0,0]}],"ix":3},"r":{"a":0,"k":0,"ix":4},"nm":"Rectangle Path 1","mn":"ADBE Vector Shape - Rect","hd":false},{"ty":"st","c":{"a":0,"k":[0,0,0,1],"ix":3},"o":{"a":0,"k":100,"ix":4},"w":{"a":0,"k":0,"ix":5},"lc":1,"lj":1,"ml":4,"bm":0,"nm":"Stroke 1","mn":"ADBE Vector Graphic - Stroke","hd":false},{"ty":"fl","c":{"a":0,"k":[0,0.125489994124,0.274509983437,1],"ix":4},"o":{"a":0,"k":100,"ix":5},"r":1,"bm":0,"nm":"Fill 1","mn":"ADBE Vector Graphic - Fill","hd":false},{"ty":"tr","p":{"a":0,"k":[-312.762,2.906],"ix":2},"a":{"a":0,"k":[0,0],"ix":1},"s":{"a":0,"k":[100,100],"ix":3},"r":{"a":0,"k":0,"ix":6},"o":{"a":0,"k":100,"ix":7},"sk":{"a":0,"k":0,"ix":4},"sa":{"a":0,"k":0,"ix":5},"nm":"Transform"}],"nm":"Rectangle 2","np":3,"cix":2,"bm":0,"ix":2,"mn":"ADBE Vector Group","hd":false}],"ip":0,"op":1800,"st":0,"bm":0},{"ddd":0,"ind":12,"ty":4,"nm":"Fill 9","parent":1,"tt":2,"sr":1,"ks":{"o":{"a":0,"k":100,"ix":11},"r":{"a":0,"k":0,"ix":10},"p":{"a":0,"k":[37.191,55.362,0],"ix":2},"a":{"a":0,"k":[0,0,0],"ix":1},"s":{"a":0,"k":[100,100,100],"ix":6}},"ao":0,"shapes":[{"ty":"gr","it":[{"ind":0,"ty":"sh","ix":1,"ks":{"a":0,"k":{"i":[[0,0],[-2.34,0],[0,-2.83],[2.34,0],[0,2.83]],"o":[[0,-2.83],[2.34,0],[0,2.83],[-2.34,0],[0,0]],"v":[[-4.238,0.001],[0.002,-5.119],[4.242,0.001],[0.002,5.121],[-4.238,0.001]],"c":false},"ix":2},"nm":"Path 1","mn":"ADBE Vector Shape - Group","hd":false},{"ty":"fl","c":{"a":0,"k":[0.235293999314,0.811765015125,1,1],"ix":4},"o":{"a":0,"k":100,"ix":5},"r":1,"bm":0,"nm":"Fill 1","mn":"ADBE Vector Graphic - Fill","hd":false},{"ty":"tr","p":{"a":0,"k":[0,0],"ix":2},"a":{"a":0,"k":[0,0],"ix":1},"s":{"a":0,"k":[100,100],"ix":3},"r":{"a":0,"k":0,"ix":6},"o":{"a":0,"k":100,"ix":7},"sk":{"a":0,"k":0,"ix":4},"sa":{"a":0,"k":0,"ix":5},"nm":"Transform"}],"nm":"Fill 9","np":2,"cix":2,"bm":0,"ix":1,"mn":"ADBE Vector Group","hd":false}],"ip":0,"op":1800,"st":0,"bm":0},{"ddd":0,"ind":13,"ty":4,"nm":"Fill 7","sr":1,"ks":{"o":{"a":0,"k":10,"ix":11},"r":{"a":0,"k":0,"ix":10},"p":{"a":0,"k":[99.84,52.249,0],"ix":2},"a":{"a":0,"k":[-0.002,-28.152,0],"ix":1},"s":{"a":1,"k":[{"i":{"x":[0.667,0.667,0.667],"y":[1,1,1]},"o":{"x":[0.333,0.333,0.333],"y":[0,0,0]},"t":0,"s":[100,100,100]},{"i":{"x":[0.667,0.667,0.667],"y":[1,1,1]},"o":{"x":[0.333,0.333,0.333],"y":[0,0,0]},"t":10,"s":[96,96,100]},{"i":{"x":[0.667,0.667,0.667],"y":[1,1,1]},"o":{"x":[0.333,0.333,0.333],"y":[0,0,0]},"t":13,"s":[98,98,100]},{"i":{"x":[0.667,0.667,0.667],"y":[1,1,1]},"o":{"x":[0.333,0.333,0.333],"y":[0,0,0]},"t":16,"s":[96,96,100]},{"i":{"x":[0.667,0.667,0.667],"y":[1,1,1]},"o":{"x":[0.333,0.333,0.333],"y":[0,0,0]},"t":19,"s":[98,98,100]},{"i":{"x":[0.667,0.667,0.667],"y":[1,1,1]},"o":{"x":[0.333,0.333,0.333],"y":[0,0,0]},"t":32,"s":[107,107,100]},{"i":{"x":[0.667,0.667,0.667],"y":[1,1,1]},"o":{"x":[0.333,0.333,0.333],"y":[0,0,0]},"t":35,"s":[105,105,100]},{"i":{"x":[0.667,0.667,0.667],"y":[1,1,1]},"o":{"x":[0.333,0.333,0.333],"y":[0,0,0]},"t":38,"s":[107,107,100]},{"i":{"x":[0.667,0.667,0.667],"y":[1,1,1]},"o":{"x":[0.333,0.333,0.333],"y":[0,0,0]},"t":41,"s":[105,105,100]},{"t":53,"s":[100,100,100]}],"ix":6}},"ao":0,"shapes":[{"ty":"gr","it":[{"ind":0,"ty":"sh","ix":1,"ks":{"a":0,"k":{"i":[[0,0],[-16.86,0],[0,-15.55],[16.85,0],[0,15.55]],"o":[[0,-15.55],[16.85,0],[0,15.55],[-16.86,0],[0,0]],"v":[[-30.517,-0.002],[0.003,-28.152],[30.513,-0.002],[0.003,28.148],[-30.517,-0.002]],"c":false},"ix":2},"nm":"Path 1","mn":"ADBE Vector Shape - Group","hd":false},{"ty":"fl","c":{"a":0,"k":[0.235293999314,0.811765015125,1,1],"ix":4},"o":{"a":0,"k":100,"ix":5},"r":1,"bm":0,"nm":"Fill 1","mn":"ADBE Vector Graphic - Fill","hd":false},{"ty":"tr","p":{"a":0,"k":[0,0],"ix":2},"a":{"a":0,"k":[0,0],"ix":1},"s":{"a":0,"k":[100,100],"ix":3},"r":{"a":0,"k":0,"ix":6},"o":{"a":0,"k":100,"ix":7},"sk":{"a":0,"k":0,"ix":4},"sa":{"a":0,"k":0,"ix":5},"nm":"Transform"}],"nm":"Fill 7","np":2,"cix":2,"bm":0,"ix":1,"mn":"ADBE Vector Group","hd":false}],"ip":0,"op":1800,"st":0,"bm":0},{"ddd":0,"ind":14,"ty":4,"nm":"Fill 5","sr":1,"ks":{"o":{"a":0,"k":10,"ix":11},"r":{"a":0,"k":0,"ix":10},"p":{"a":0,"k":[99.841,52.249,0],"ix":2},"a":{"a":0,"k":[0,-16.209,0],"ix":1},"s":{"a":1,"k":[{"i":{"x":[0.667,0.667,0.667],"y":[1,1,1]},"o":{"x":[0.333,0.333,0.333],"y":[0,0,0]},"t":0,"s":[100,100,100]},{"i":{"x":[0.667,0.667,0.667],"y":[1,1,1]},"o":{"x":[0.333,0.333,0.333],"y":[0,0,0]},"t":10,"s":[96,96,100]},{"i":{"x":[0.667,0.667,0.667],"y":[1,1,1]},"o":{"x":[0.333,0.333,0.333],"y":[0,0,0]},"t":13,"s":[98,98,100]},{"i":{"x":[0.667,0.667,0.667],"y":[1,1,1]},"o":{"x":[0.333,0.333,0.333],"y":[0,0,0]},"t":16,"s":[96,96,100]},{"i":{"x":[0.667,0.667,0.667],"y":[1,1,1]},"o":{"x":[0.333,0.333,0.333],"y":[0,0,0]},"t":19,"s":[98,98,100]},{"i":{"x":[0.667,0.667,0.667],"y":[1,1,1]},"o":{"x":[0.333,0.333,0.333],"y":[0,0,0]},"t":32,"s":[107,107,100]},{"i":{"x":[0.667,0.667,0.667],"y":[1,1,1]},"o":{"x":[0.333,0.333,0.333],"y":[0,0,0]},"t":35,"s":[105,105,100]},{"i":{"x":[0.667,0.667,0.667],"y":[1,1,1]},"o":{"x":[0.333,0.333,0.333],"y":[0,0,0]},"t":38,"s":[107,107,100]},{"i":{"x":[0.667,0.667,0.667],"y":[1,1,1]},"o":{"x":[0.333,0.333,0.333],"y":[0,0,0]},"t":41,"s":[105,105,100]},{"t":53,"s":[100,100,100]}],"ix":6}},"ao":0,"shapes":[{"ty":"gr","it":[{"ind":0,"ty":"sh","ix":1,"ks":{"a":0,"k":{"i":[[0,0],[-13.11,0],[0,-8.95],[13.1,0],[0,8.95]],"o":[[0,-8.95],[13.1,0],[0,8.95],[-13.11,0],[0,0]],"v":[[-23.735,0.001],[0.005,-16.209],[23.735,0.001],[0.005,16.211],[-23.735,0.001]],"c":false},"ix":2},"nm":"Path 1","mn":"ADBE Vector Shape - Group","hd":false},{"ty":"fl","c":{"a":0,"k":[0.235293999314,0.811765015125,1,1],"ix":4},"o":{"a":0,"k":100,"ix":5},"r":1,"bm":0,"nm":"Fill 1","mn":"ADBE Vector Graphic - Fill","hd":false},{"ty":"tr","p":{"a":0,"k":[0,0],"ix":2},"a":{"a":0,"k":[0,0],"ix":1},"s":{"a":0,"k":[100,100],"ix":3},"r":{"a":0,"k":0,"ix":6},"o":{"a":0,"k":100,"ix":7},"sk":{"a":0,"k":0,"ix":4},"sa":{"a":0,"k":0,"ix":5},"nm":"Transform"}],"nm":"Fill 5","np":2,"cix":2,"bm":0,"ix":1,"mn":"ADBE Vector Group","hd":false}],"ip":0,"op":1800,"st":0,"bm":0},{"ddd":0,"ind":15,"ty":4,"nm":"Stroke 3","sr":1,"ks":{"o":{"a":0,"k":100,"ix":11},"r":{"a":0,"k":0,"ix":10},"p":{"a":0,"k":[99.841,86.111,0],"ix":2},"a":{"a":0,"k":[0,0,0],"ix":1},"s":{"a":0,"k":[100,100,100],"ix":6}},"ao":0,"shapes":[{"ty":"gr","it":[{"ind":0,"ty":"sh","ix":1,"ks":{"a":0,"k":{"i":[[0,18.7],[-18.73,0],[0,-18.7],[18.72,0]],"o":[[0,-18.7],[18.72,0],[0,18.7],[-18.73,0]],"v":[[-33.907,-0.002],[0.003,-33.862],[33.903,-0.002],[0.003,33.858]],"c":true},"ix":2},"nm":"Path 1","mn":"ADBE Vector Shape - Group","hd":false},{"ty":"st","c":{"a":0,"k":[0.384314000607,0.188234999776,0.933332979679,1],"ix":3},"o":{"a":0,"k":100,"ix":4},"w":{"a":0,"k":2.543,"ix":5},"lc":2,"lj":2,"bm":0,"nm":"Stroke 1","mn":"ADBE Vector Graphic - Stroke","hd":false},{"ty":"fl","c":{"a":0,"k":[0.384314000607,0.188234999776,0.933332979679,1],"ix":4},"o":{"a":0,"k":100,"ix":5},"r":1,"bm":0,"nm":"Fill 1","mn":"ADBE Vector Graphic - Fill","hd":false},{"ty":"tr","p":{"a":0,"k":[0,0],"ix":2},"a":{"a":0,"k":[0,0],"ix":1},"s":{"a":0,"k":[100,100],"ix":3},"r":{"a":0,"k":0,"ix":6},"o":{"a":0,"k":100,"ix":7},"sk":{"a":0,"k":0,"ix":4},"sa":{"a":0,"k":0,"ix":5},"nm":"Transform"}],"nm":"Stroke 3","np":3,"cix":2,"bm":0,"ix":1,"mn":"ADBE Vector Group","hd":false}],"ip":0,"op":1800,"st":0,"bm":0},{"ddd":0,"ind":16,"ty":4,"nm":"Stroke 31 :M","parent":1,"sr":1,"ks":{"o":{"a":0,"k":100,"ix":11},"r":{"a":1,"k":[{"i":{"x":[0.667],"y":[1]},"o":{"x":[0.333],"y":[0]},"t":2,"s":[0]},{"i":{"x":[0.667],"y":[1]},"o":{"x":[0.333],"y":[0]},"t":12,"s":[-10]},{"i":{"x":[0.579],"y":[1]},"o":{"x":[0.698],"y":[0]},"t":21,"s":[-10]},{"i":{"x":[0.667],"y":[1]},"o":{"x":[0.333],"y":[0]},"t":34,"s":[10]},{"i":{"x":[0.333],"y":[1]},"o":{"x":[0.333],"y":[0]},"t":43,"s":[10]},{"t":55,"s":[0]}],"ix":10},"p":{"a":0,"k":[73.592,38.903,0],"ix":2},"a":{"a":0,"k":[723.527,273.494,0],"ix":1},"s":{"a":0,"k":[100,100,100],"ix":6}},"ao":0,"shapes":[{"ty":"gr","it":[{"ty":"gr","it":[{"ind":0,"ty":"sh","ix":1,"ks":{"a":0,"k":{"i":[[0,2.83],[2.81,0],[0,-2.83],[-2.81,0]],"o":[[0,-2.83],[-2.81,0],[0,2.83],[2.81,0]],"v":[[5.084,0.001],[0.004,-5.119],[-5.086,0.001],[0.004,5.121]],"c":true},"ix":2},"nm":"Path 1","mn":"ADBE Vector Shape - Group","hd":false},{"ty":"fl","c":{"a":0,"k":[0.235293999314,0.811765015125,1,1],"ix":4},"o":{"a":0,"k":100,"ix":5},"r":1,"bm":0,"nm":"Fill 1","mn":"ADBE Vector Graphic - Fill","hd":false},{"ty":"tr","p":{"a":0,"k":[0,0],"ix":2},"a":{"a":0,"k":[0,0],"ix":1},"s":{"a":0,"k":[100,100],"ix":3},"r":{"a":0,"k":0,"ix":6},"o":{"a":0,"k":100,"ix":7},"sk":{"a":0,"k":0,"ix":4},"sa":{"a":0,"k":0,"ix":5},"nm":"Transform"}],"nm":"Stroke 31","np":2,"cix":2,"bm":0,"ix":1,"mn":"ADBE Vector Group","hd":false},{"ty":"tr","p":{"a":0,"k":[734.364,262.762],"ix":2},"a":{"a":0,"k":[0,0],"ix":1},"s":{"a":0,"k":[100,100],"ix":3},"r":{"a":0,"k":0,"ix":6},"o":{"a":0,"k":100,"ix":7},"sk":{"a":0,"k":0,"ix":4},"sa":{"a":0,"k":0,"ix":5},"nm":"Transform"}],"nm":"Stroke 331","np":1,"cix":2,"bm":0,"ix":1,"mn":"ADBE Vector Group","hd":false},{"ty":"gr","it":[{"ty":"gr","it":[{"ind":0,"ty":"sh","ix":1,"ks":{"a":0,"k":{"i":[[0,0],[-3.55,6.67]],"o":[[0,0],[0,0]],"v":[[-4.652,2.885],[4.648,-2.925]],"c":false},"ix":2},"nm":"Path 1","mn":"ADBE Vector Shape - Group","hd":false},{"ty":"st","c":{"a":0,"k":[0.235293999314,0.811765015125,1,1],"ix":3},"o":{"a":0,"k":100,"ix":4},"w":{"a":0,"k":2.543,"ix":5},"lc":2,"lj":2,"bm":0,"nm":"Stroke 1","mn":"ADBE Vector Graphic - Stroke","hd":false},{"ty":"tr","p":{"a":0,"k":[0,0],"ix":2},"a":{"a":0,"k":[0,0],"ix":1},"s":{"a":0,"k":[100,100],"ix":3},"r":{"a":0,"k":0,"ix":6},"o":{"a":0,"k":100,"ix":7},"sk":{"a":0,"k":0,"ix":4},"sa":{"a":0,"k":0,"ix":5},"nm":"Transform"}],"nm":"Stroke 29","np":2,"cix":2,"bm":0,"ix":1,"mn":"ADBE Vector Group","hd":false},{"ty":"tr","p":{"a":0,"k":[728.179,270.573],"ix":2},"a":{"a":0,"k":[0,0],"ix":1},"s":{"a":0,"k":[100,100],"ix":3},"r":{"a":0,"k":0,"ix":6},"o":{"a":0,"k":100,"ix":7},"sk":{"a":0,"k":0,"ix":4},"sa":{"a":0,"k":0,"ix":5},"nm":"Transform"}],"nm":"Stroke 229","np":1,"cix":2,"bm":0,"ix":2,"mn":"ADBE Vector Group","hd":false}],"ip":0,"op":1800,"st":0,"bm":0},{"ddd":0,"ind":17,"ty":4,"nm":"Stroke 19 :M","parent":1,"sr":1,"ks":{"o":{"a":0,"k":100,"ix":11},"r":{"a":1,"k":[{"i":{"x":[0.667],"y":[1]},"o":{"x":[0.333],"y":[0]},"t":2,"s":[0]},{"i":{"x":[0.667],"y":[1]},"o":{"x":[0.333],"y":[0]},"t":12,"s":[10]},{"i":{"x":[0.579],"y":[1]},"o":{"x":[0.698],"y":[0]},"t":21,"s":[10]},{"i":{"x":[0.667],"y":[1]},"o":{"x":[0.333],"y":[0]},"t":34,"s":[-10]},{"i":{"x":[0.333],"y":[1]},"o":{"x":[0.333],"y":[0]},"t":43,"s":[-10]},{"t":55,"s":[0]}],"ix":10},"p":{"a":0,"k":[26.217,38.903,0],"ix":2},"a":{"a":0,"k":[676.152,273.494,0],"ix":1},"s":{"a":0,"k":[100,100,100],"ix":6}},"ao":0,"shapes":[{"ty":"gr","it":[{"ty":"gr","it":[{"ind":0,"ty":"sh","ix":1,"ks":{"a":0,"k":{"i":[[0,2.83],[-2.81,0],[0,-2.83],[2.81,0]],"o":[[0,-2.83],[2.81,0],[0,2.83],[-2.81,0]],"v":[[-5.086,0.001],[0.004,-5.119],[5.084,0.001],[0.004,5.121]],"c":true},"ix":2},"nm":"Path 1","mn":"ADBE Vector Shape - Group","hd":false},{"ty":"fl","c":{"a":0,"k":[0.235293999314,0.811765015125,1,1],"ix":4},"o":{"a":0,"k":100,"ix":5},"r":1,"bm":0,"nm":"Fill 1","mn":"ADBE Vector Graphic - Fill","hd":false},{"ty":"tr","p":{"a":0,"k":[0,0],"ix":2},"a":{"a":0,"k":[0,0],"ix":1},"s":{"a":0,"k":[100,100],"ix":3},"r":{"a":0,"k":0,"ix":6},"o":{"a":0,"k":100,"ix":7},"sk":{"a":0,"k":0,"ix":4},"sa":{"a":0,"k":0,"ix":5},"nm":"Transform"}],"nm":"Stroke 19","np":2,"cix":2,"bm":0,"ix":1,"mn":"ADBE Vector Group","hd":false},{"ty":"tr","p":{"a":0,"k":[665.34,262.762],"ix":2},"a":{"a":0,"k":[0,0],"ix":1},"s":{"a":0,"k":[100,100],"ix":3},"r":{"a":0,"k":0,"ix":6},"o":{"a":0,"k":100,"ix":7},"sk":{"a":0,"k":0,"ix":4},"sa":{"a":0,"k":0,"ix":5},"nm":"Transform"}],"nm":"Stroke 119","np":1,"cix":2,"bm":0,"ix":1,"mn":"ADBE Vector Group","hd":false},{"ty":"gr","it":[{"ty":"gr","it":[{"ind":0,"ty":"sh","ix":1,"ks":{"a":0,"k":{"i":[[0,0],[3.55,6.67]],"o":[[0,0],[0,0]],"v":[[5.461,2.901],[-4.652,-2.925]],"c":false},"ix":2},"nm":"Path 1","mn":"ADBE Vector Shape - Group","hd":false},{"ty":"st","c":{"a":0,"k":[0.235293999314,0.811765015125,1,1],"ix":3},"o":{"a":0,"k":100,"ix":4},"w":{"a":0,"k":2.543,"ix":5},"lc":2,"lj":2,"bm":0,"nm":"Stroke 1","mn":"ADBE Vector Graphic - Stroke","hd":false},{"ty":"tr","p":{"a":0,"k":[0,0],"ix":2},"a":{"a":0,"k":[0,0],"ix":1},"s":{"a":0,"k":[100,100],"ix":3},"r":{"a":0,"k":0,"ix":6},"o":{"a":0,"k":100,"ix":7},"sk":{"a":0,"k":0,"ix":4},"sa":{"a":0,"k":0,"ix":5},"nm":"Transform"}],"nm":"Stroke 17","np":2,"cix":2,"bm":0,"ix":1,"mn":"ADBE Vector Group","hd":false},{"ty":"tr","p":{"a":0,"k":[671.503,270.573],"ix":2},"a":{"a":0,"k":[0,0],"ix":1},"s":{"a":0,"k":[100,100],"ix":3},"r":{"a":0,"k":0,"ix":6},"o":{"a":0,"k":100,"ix":7},"sk":{"a":0,"k":0,"ix":4},"sa":{"a":0,"k":0,"ix":5},"nm":"Transform"}],"nm":"Stroke 117","np":1,"cix":2,"bm":0,"ix":2,"mn":"ADBE Vector Group","hd":false}],"ip":0,"op":1800,"st":0,"bm":0},{"ddd":0,"ind":19,"ty":2,"nm":"Oval.png","cl":"png","refId":"image_0","sr":1,"ks":{"o":{"a":0,"k":100,"ix":11},"r":{"a":0,"k":0,"ix":10},"p":{"a":0,"k":[100.265,105.568,0],"ix":2},"a":{"a":0,"k":[50,50.5,0],"ix":1},"s":{"a":0,"k":[100,100,100],"ix":6}},"ao":0,"ip":0,"op":1800,"st":0,"bm":0}],"markers":[]}